,,zoo,heart,lymp,apb
error,k=2,295.0,1273.0,1427.0,820.0
error,k=5,135.0,1190.0,1112.0,729.0
error,k=10,319.0,896.0,1102.0,660.0
time,k=2,0.0017809867858886719,0.0014410018920898438,0.003676891326904297,0.0006470680236816406
time,k=5,0.006033897399902344,0.0039441585540771484,0.006760120391845703,0.004832029342651367
time,k=10,0.006473064422607422,0.013112783432006836,0.01171112060546875,0.007566928863525391
