,zoo,heart,lymp,apb,tumor_w_missing,hepatitis_w_missing,audio_w_missing,votes_w_missing
n,101,242,148,105,339,155,226,435
m,17,22,44,105,24,38,92,16
#missing,0,0,0,0,670,334,899,392
%missing,0.0,0.0,0.0,0.0,0.08235004916420846,0.0567062818336163,0.04323778376298577,0.05632183908045977
%0s,55.67850902737332,65.62734785875281,71.02272727272727,92.0,75.73746312684366,52.83531409168081,88.6446710273182,50.8477011494253
%1s,44.32149097262668,34.37265214124718,28.977272727272727,8.0,24.262536873156343,47.164685908319186,11.3553289726818,49.15229885057471
